{
  "min": -0.27729642958229045,
  "max": 0.2707882163472115,
  "range": 0.5480846459295019
}