{
  "f_hard_skill_count": 1731.9111968278885,
  "f_hard_skill_weight_sum": 800.7789393104613,
  "f_years_experience": 136.4765479946509,
  "f_hard_skill_duration_sum": 86.61516481265426,
  "f_product_company_ratio": 49.046618182677776,
  "f_current_role_relevant": 46.938499450683594,
  "f_product_company_months": 33.964061416860204,
  "f_saved_by_recruiters": 24.44991234317422,
  "f_yoe_in_range": 21.193440198898315,
  "f_profile_views_30d": 15.122733586787945,
  "f_max_skill_endorsements": 13.61643610149622,
  "f_github_score": 6.8133649826049805,
  "f_embedding_skill_count": 4.517469882965088,
  "f_response_speed": 4.06422869306698,
  "f_recency_score": 3.9387215366587043,
  "f_recruiter_response_rate": 2.6230859085917473,
  "f_connection_count": 2.379377067089081,
  "f_llm_finetune_skill": 2.3312930166721344,
  "f_offer_acceptance": 2.239464145153761,
  "f_consulting_only": 2.2104198932647705,
  "f_skill_assessment_count": 2.0009899139404297,
  "f_ai_keyword_density": 1.8950899839401245,
  "f_skill_assessment_avg": 1.2408457309938967,
  "f_notice_days": 1.2155200242996216,
  "f_yoe_preferred": 0.42510899901390076,
  "f_career_tenure_avg": 0.4031184943742119,
  "f_linkedin_connected": 0.29086801409721375,
  "f_profile_completeness": 0.20200000703334808,
  "f_hard_skill_endorsed_count": 0.11744599789381027,
  "f_hard_skill_raw": 0.0,
  "f_hard_skill_expert_count": 0.0,
  "f_ranking_eval_skill": 0.0,
  "f_python_skill": 0.0,
  "f_ltr_skill": 0.0,
  "f_recent_ai_role": 0.0,
  "f_seniority_match": 0.0,
  "f_domain_disqualifier": 0.0,
  "f_pure_research_flag": 0.0,
  "f_location_match": 0.0,
  "f_willing_to_relocate": 0.0,
  "f_notice_ok": 0.0,
  "f_open_to_work": 0.0,
  "f_interview_completion": 0.0,
  "f_verified_contact": 0.0,
  "f_edu_tier": 0.0,
  "f_cs_degree": 0.0,
  "f_edu_level": 0.0
}